IdBase;IdIlha;Nome;Tipo
1;50121;Ilha 1;T
1;50122;Ilha 2;T
1;50123;Ilha 3;T
1;50124;Ilha 4;T
1;50125;Ilha 5;T
1;50126;Ilha 6;B
1;50127;SKID_Alc1;D
1;50128;SKID_Alc2;D
1;50129;SKID_Die;D
1;501210;SKID_S10;D
1;501212;Ilha 10;T
1;501213;Ilha 9;T
1;501214;SKID_QAV;D
1;501215;Ilha 17;B
1;501216;Ilha 16;B
1;501217;Ilha 15;B
1;501218;Ilha 14;B
1;501219;Ilha 8;T
5;50161;PLECT-1;T
5;50162;PLECT-2;T
5;50163;PLECT-3;T
14;50251;Ilha-01;B
14;50252;Ilha-02;T
14;50253;Ilha-11;D
14;50254;Ilha-12;D
14;50255;Ilha-E25 e 26;T
14;50256;Ilha-E27 e 28;T
14;50258;Ilha-03;T
14;50259;Ilha-04;T
14;502510;Ilha-05;T
14;502511;Ilha-06;T
14;502512;Ilha-07;T
14;502513;Ilha-08;T
14;502514;Ilha-09;T
14;502515;Ilha-10;T
14;502516;Ilha-D B100;D
18;50291;Ilha 1;T
18;50292;Ilha 2;T
18;50293;Ilha 3;T
18;50294;Ilha 4;T
18;50295;Descarga 1;D
18;50296;Ilha 5;T
18;50297;Ilha 0;T
18;50298;Descarga 2;D
18;50299;Ilha OC;T
18;502910;Ilha 6;TB
29;50401;Ilha 3;T
29;50402;Ilha 4;T
29;50403;Ilha 5;T
29;50404;Ilha 6;T
29;50405;Ilha 7;T
29;50406;Ilha 8;T
29;50407;Ilha Escuros;T
29;50408;Ilha 20;D
29;50409;Ilha 21;D
29;504010;Ilha 22;D
29;504011;Ilha 23;D
48;50593;Ilha 6;T
48;50594;Ilha 7;T
48;50595;Ilha 8;T
48;50596;Ilha 9;T
48;50597;Ilha 10;T
48;50598;Ilha 11;B2
48;50599;Ilha 12;B
48;505910;Ilha 13;B
48;505911;Ilha 14a;B
48;505912;Ilha 14b;B
48;505913;Ilha 15a;B
48;505914;Ilha 15b;B
48;505915;Ilha 3;D
48;505916;Ilha 4;D
48;505917;Ilha 5;D
53;50641;Ilha 12;T
53;50642;Ilha 4;T
53;50643;Ilha 6;T
53;50644;Ilha 10;T
53;50645;Ilha 17;B
53;50646;Ilha 9;T
53;50647;Ilha 15;B
53;50648;Ilha 8;T
53;50649;Ilha 7;T
53;506410;Ilha 11;T
53;506411;Ilha 13;B
53;506412;Ilha 14;B
53;506413;Descarga 16;D
53;506414;Descarga 5;D
53;506415;Descarga Gaso;D
53;506416;Descarga EAC;D
53;506417;Descarga EHC;D
53;506418;Descarga 1;D
53;506419;RECEBIMENTO PODIUM;D
53;506420;EXPEDIÇÃO PODIUM C;B
54;50651;A - Ilha 1;T
54;50652;A - Ilha 2;T
54;50653;A - Ilha 3;T
54;50654;A - Ilha 4;B
54;50655;A - Ilha 5;B
54;50656;A - Ilha 6;T
54;50657;A - Ilha 7;T
54;50658;B - Ilha 1;TB
54;50659;B - Ilha 3;B
54;506511;B - Ilha 4;T
54;506512;B - Ilha 2;TB
54;506513;D - Ilha 1;T
54;506514;D - Ilha 2;T
54;506515;D - Ilha 3;T
54;506516;D - Ilha 4;T
54;506517;D - Ilha 5;T
54;506518;D - Ilha 6;T
54;506519;D - Ilha 7;T
54;506520;C - Ilha 1;TB
54;506521;C - Ilha 2;B
54;506522;C - Ilha 3;B
54;506523;A_I1;TB
54;506524;A_I2;TB
54;506525;A_I3;TB
54;506526;A_I4;TB
54;506527;A_I5;TB
54;506528;A_I6;TB
54;506529;A_I7;TB
54;506531;B_I2;TB
54;506532;B_I3;TB
54;506533;B_I4;TB
54;506534;C_I1;TB
54;506535;C_I2;TB
54;506536;C_I3;T
54;506537;A ilha 1;TB
54;506538;A ilha 2;TB
54;506539;A ilha 3;TB
54;506540;A ilha 4;TB
54;506541;A ilha 5;TB
54;506542;A ilha 6;TB
54;506543;A ilha 7;TB
54;506545;B ilha 2;TB
54;506546;B ilha 3;TB
54;506547;B ilha 4;TB
54;506548;C ilha 1;TB
54;506549;C ilha 2;TB
54;506550;C ilha 3;T
54;506551;CCB;D
54;506552;Descarga Skid;D
57;50681;Ilha A-1;B2
57;50683;Ilha A-3;B2
57;50684;Ilha A-4;B2
57;50685;Ilha A-5;B2
57;50686;Ilha A-6;B2
57;50687;Ilha B-1;B2
57;50688;Ilha B-2;B2
57;50689;Ilha B-3;B2
57;506810;Ilha C-1;B2
57;506812;Ilha C-3;B2
57;506813;Ilha A-2;B2
57;506814;Ilha C-2;B2
57;506815;Ilha B-4;B
57;506816;Ilha C-4;B
57;506817;Ilha C-5;B
57;506818;Ilha C-6;B
57;506819;Descarga1;D
57;506820;Descarga2;D
57;506821;Descarga3;D
57;506822;Ilha C1/C2;B
57;506823;Ilha C2/C3;B
57;506824;Ilha C3/C4;B
57;506825;Ilha B-5;T
69;50802;Ilha A;T
69;50803;Ilha B;T
69;50804;Ilha C;T
69;50805;Ilha D;T
69;50806;Ilha E;T
69;50807;Ilha F;T
69;50808;Ilha G;T
69;50809;Ilha H;T
69;508010;Ilha I;T
69;508011;Ilha J;T
69;508012;Ilha K;B
69;508013;Ilha L;B
69;508014;Descarga;D
69;508015;SKID-03;B
69;508016;SKID-04;B
69;508017;SKID-05;B
69;508018;PNC;D
80;50911;Ilha 1;T
80;50912;Ilha 2;T
80;50913;Ilha 4;T
80;50914;Ilha 3;T
84;50951;ILHA-03;T
84;50952;ILHA-04;T
84;50953;ILHA-05;T
84;50954;ILHA-06;T
84;50955;ILHA-07;B
84;50956;ILHA-08;T
84;50957;ILHA-09;B
84;50958;ILHA-10;T
84;509510;ILHA-14;T
84;509512;ILHA 01 - Descarga;D
84;509513;ILHA 02 - Descarga;D
84;509514;ILHA 03 - Descarga;D
84;509520;ILHA-01;B
84;509521;ILHA-02;B
84;509522;BOX01;TB
84;509523;BOX02;TB
84;509524;BOX03;TB
84;509525;BOX04;TB
85;50963;ILHA-01;B
85;50964;ILHA-02;T
85;50965;Royal FIC;TB
85;50966;ILHA-03;TB
86;50971;ILHA 1;T
86;50972;ILHA 2;T
86;50973;ILHA 3;T
86;50974;ILHA 4;T
86;50975;ILHA 5;D
86;50976;ILHA 6;D
88;50991;Top 1;T
88;50995;Descarga1;D
88;50996;Descarga2;D
88;50997;Descarga3;D
88;50998;BOTTOM 1;B
88;50999;BOTTOM 2;B
88;509910;BOTTOM 3;B
88;509911;BOTTOM 4;B
88;509912;BOTTOM 5;B
90;51011;Ilha 1;B
90;51012;Ilha 2;B
90;51013;Ilha 3;B
90;51014;Ilha 4;B
90;51015;Ilha 5;T
90;51016;Ilha 7;B
90;51017;Ilha 8;B
90;51018;Ilha 9;B
90;51019;Ilha Prod. Especiais;C
90;510113;Ilha 10;B
90;510114;SK1;D
90;510115;SK2;D
90;510116;SK3;D
90;510117;SK4;D
90;510118;SK5;D
90;510119;SK6;D
90;510120;SK7;D
112;51231;Plect1;T
112;51232;Plect2;T
112;51233;Plect3;T
112;51234;SKID;D
138;51491;Ilha 1;T
138;51492;Ilha 2;T
138;51493;Ilha 3;T
138;51495;Temmar;C
138;51496;Ilha - Descarga;D
138;51497;Ilha F1;T
138;51498;Ilha F2;T
138;51499;Ilha F3;T
138;514910;Ilha F4;T
138;514911;Ilha F5;T
138;514912;Ilha F6;T
138;514913;Ilha F7;T
138;514914;Ilha F8;T
138;514915;Ilha F9;T
138;514916;Ilha F10;T
152;51634;ILHA 1;B
152;51635;ILHA 2;T
152;51636;ILHA 3;T
163;51743;ILHA-02;T
163;51744;ILHA-01;B
163;51745;ILHA-03;B
227;52381;Ilha C1;B
227;52382;Ilha C2;T
227;52383;Ilha C3;T
227;52384;Ilha D1;D
227;52385;Ilha D2;D
227;52386;Ilha D3;D
227;52387;Ilha D4;D
227;52388;Ilha D5;D
227;52389;Ilha F1;T
227;523810;Ilha F2;T
227;523811;Ilha F3;T
227;523812;Ilha F4;T
227;523813;Ilha F5;T
227;523814;Ilha F6;T
227;523815;Ilha F7;T
227;523816;Ilha F8;T
227;523817;Ilha F9;T
244;52551;ILHA 1;TB
244;52552;ILHA 2;TB
244;52553;ILHA 3;TB
244;52554;ILHA 4;TB
244;52555;ILHA 5;TB
244;52556;DESCARGA;D
250;52614;IB1;B
250;52615;IB2;B
250;52616;IB3;T
250;52617;IB4;T
250;52618;IB5;T
250;52619;IA4;D
250;526110;IA5;D
250;526111;DES1;D
250;526112;DES2;D
250;526113;DES3;D
269;52801;X08 POD/VER;B
269;52802;ETANOL 1;D
269;528012;X03 S500;T
269;528013;X04 misto;B
269;528015;X06 misto;B
269;528016;X07 GA/H/S50;B
269;528017;X09 QAV/Sol;B
269;528018;Propeno1;T
269;528019;Propeno2;T
269;528020;Butano1;C
269;528021;X01 misto;B
269;528022;X02 misto;B
269;528023;X05 Misto;B
269;528024;ETANOL 2;D
269;528025;DESC B100;D
275;52861;1;TB
275;52862;2;T
275;52863;3;B
275;52864;DESC 1;D
275;52865;ILHA 1;T
275;52866;ILHA 2;B
275;52867;ILHA 3;B
275;52868;DESC 2;D
295;53062;Ilha Descarga;D
295;530612;ILHA-01;T
295;530613;ILHA-02;T
295;530614;ILHA-03;T
295;530615;ILHA-04;T
295;530616;ILHA-05;T
295;530617;ILHA-06;T
295;530618;ILHA-07;T
295;530619;ILHA-08;T
295;530620;ILHA-09;T
318;53291;Pldct 01;D
318;53292;Plect 05;TB
318;53293;Plect 06;TB
318;53294;Plect 07;TB
318;53295;Plect 08;TB
318;53296;Plect 09;TB
318;53297;Plect 10;TB
318;53298;Plect 11;TB
318;53299;Pldct 02;D
318;532911;Plect 12;B
318;532912;Plect 13;B
318;532913;Pldct 04;D
318;532914;PODIUM;T
318;532915;Plect 15;TB
318;532916;Plect 16;TB
318;532917;Plect 14;B
319;53301;ILHA 1;TB
319;53302;ILHA 2;TB
319;53303;ILHA 3;TB
319;53304;Descarga;D
322;53333;D. Etanol-01;D
322;53334;Ilha-01;B
322;53335;Ilha-02;T
322;53336;Rua do Meio;D
322;53337;D. Etanol-02;D
322;53338;D. B100_S10;D
363;53741;Ilha 1;B
363;53742;Ilha 2;B
363;53743;Ilha 3;B
363;53744;Ilha 4;B
364;53751;Ilha 1;TB
364;53752;Ilha 2;TB
364;53753;Ilha 3;D
364;53754;Ilha 4;D
364;53755;Ilha 5;B
364;53756;Ilha 6;B
364;53757;Ilha 7;B
364;53758;Ilha 8;B
364;53759;Ilha 9;B
365;53761;Ilha 4;B
365;53762;Ilha 5;B
365;53763;Ilha 6;B
365;53764;Ilha 7;B
365;53765;Ilha 8;B
365;53766;Ilha 9;B
365;53767;Ilha 10;B
